Audio,id,agent,service2,lead_created,lead_type,lead_source,lead_rating,lead_subrating,evaluator_timer,evaluator_id,rccontactid
https://pub-bbd4b49a88d042e4a910874e7f1617b1.r2.dev/4806183051_3737934_07-08_16-04-24_Inbound_Ashley.mp4,3720564,Ashley,Records,2025-06-17 07:58:11,Retail,dropoff-call,Unsold,INVALID,1:12,9f8476fe-9b18-cae0-28a2-6439b47e1239,651990461431
https://pub-bbd4b49a88d042e4a910874e7f1617b1.r2.dev/4806183051_3737934_07-08_16-04-24_Inbound_Ashley.mp4,3727618,Ashley,Medical Waste,2025-06-25 09:52:05,Retail,dropoff-call,Unsold,INVALID,5:42,9f8476fe-9b18-cae0-28a2-6439b47e1239,676670999068
https://pub-bbd4b49a88d042e4a910874e7f1617b1.r2.dev/7658816781_3739196_07-10_08-10-58_Inbound_Ashley.mp4,3729846,Ashley,Records,2025-06-27 11:07:58,Vignette,dropoff-call,Unsold,DIRECT CONNECT,3:11,9f8476fe-9b18-cae0-28a2-6439b47e1239,676672089942
https://pub-bbd4b49a88d042e4a910874e7f1617b1.r2.dev/4054141562_3741853_07-14_09-09-12_Inbound_Ashley.mp4,3741853,Ashley,Shredding,2025-07-14 09:10:52,Retail,dropoff-call,Unsold,TEXT REFER,1:03,5a4297ff-06ad-d18a-9d83-579921033041,678036885056
https://pub-bbd4b49a88d042e4a910874e7f1617b1.r2.dev/7707959744_3741864_07-14_09-15-32_Outbound_Ashley.mp4,3741864,Ashley,Shredding,2025-07-14 09:17:04,Retail,dropoff-call,Unsold,DUPLICATE,2:44,5a4297ff-06ad-d18a-9d83-579921033041,678036888671
https://pub-bbd4b49a88d042e4a910874e7f1617b1.r2.dev/2514604096_3741883_07-14_09-23-13_Outbound_Ashley.mp4,3741883,Ashley,Shredding,2025-07-14 09:23:27,Retail,dropoff-call,Unsold,DIRECT CONNECT,1:23,5a4297ff-06ad-d18a-9d83-579921033041,678036893964
https://pub-bbd4b49a88d042e4a910874e7f1617b1.r2.dev/6023915502_3741900_07-14_09-26-24_Inbound_Ashley.mp4,3741900,Ashley,Shredding,2025-07-14 09:29:33,Local,local-call,Unsold,INVALID,2:26,5a4297ff-06ad-d18a-9d83-579921033041,678036898767
https://pub-bbd4b49a88d042e4a910874e7f1617b1.r2.dev/5093899359_3741916_07-14_09-33-46_Inbound_Ashley.mp4,3741916,Ashley,Shredding,2025-07-14 09:35:51,Retail,dropoff-call,Unsold,INVALID,1:21,5a4297ff-06ad-d18a-9d83-579921033041,678036905336
https://pub-bbd4b49a88d042e4a910874e7f1617b1.r2.dev/5124971320_3741922_07-14_09-37-08_Inbound_Ashley.mp4,3741922,Ashley,Shredding,2025-07-14 09:39:29,Vignette,dropoff-call,Unsold,TEXT REFER,1:28,5a4297ff-06ad-d18a-9d83-579921033041,678036908068
https://pub-bbd4b49a88d042e4a910874e7f1617b1.r2.dev/2512323977_3741947_07-14_09-50-39_Inbound_Ashley.mp4,3741947,Ashley,Shredding,2025-07-14 09:52:32,Vignette,dropoff-call,Unsold,DIRECT CONNECT,0:52,5a4297ff-06ad-d18a-9d83-579921033041,678036918472
https://pub-bbd4b49a88d042e4a910874e7f1617b1.r2.dev/8658167272_3742035_07-14_10-30-07_Inbound_Ashley.mp4,3742035,Ashley,Shredding,2025-07-14 10:35:50,Vignette,dropoff-call,Unsold,REFERRED TO WEBSITE,5:03,5a4297ff-06ad-d18a-9d83-579921033041,678036951944
https://pub-bbd4b49a88d042e4a910874e7f1617b1.r2.dev/9514963754_3742070_07-14_10-44-45_Outbound_Ashley.mp4,3742070,Ashley,Shredding,2025-07-14 10:50:45,Retail,dropoff-call,Unsold,DIRECT CONNECT,6:31,5a4297ff-06ad-d18a-9d83-579921033041,678036964672
https://pub-bbd4b49a88d042e4a910874e7f1617b1.r2.dev/6507403311_3742119_07-14_10-59-41_Inbound_Ashley.mp4,3742119,Ashley,Shredding,2025-07-14 11:06:59,Retail,dropoff-call,Unsold,QUOTED,6:25,5a4297ff-06ad-d18a-9d83-579921033041,678036978162
https://pub-bbd4b49a88d042e4a910874e7f1617b1.r2.dev/8165241999_3742147_07-14_11-18-26_Outbound_Ashley.mp4,3742147,Ashley,Shredding,2025-07-14 11:19:12,Retail,dropoff-call,Unsold,DIRECT CONNECT,1:37,5a4297ff-06ad-d18a-9d83-579921033041,678036992850
https://pub-bbd4b49a88d042e4a910874e7f1617b1.r2.dev/7049068068_3742169_07-14_11-22-45_Inbound_Ashley.mp4,3742169,Ashley,Shredding,2025-07-14 11:28:39,Retail,dropoff-call,Unsold,TEXT REFER,3:10,5a4297ff-06ad-d18a-9d83-579921033041,678036998343
https://pub-bbd4b49a88d042e4a910874e7f1617b1.r2.dev/4258275566_3742180_07-14_11-34-27_Outbound_Ashley.mp4,3742180,Ashley,Shredding,2025-07-14 11:33:58,Retail,dropoff-call,Unsold,DUPLICATE,4:17,5a4297ff-06ad-d18a-9d83-579921033041,678037003928
https://pub-bbd4b49a88d042e4a910874e7f1617b1.r2.dev/6179639791_3742202_07-14_11-39-44_Inbound_Ashley.mp4,3742202,Ashley,Shredding,2025-07-14 11:42:14,Vignette,dropoff-call,Unsold,TEXT REFER,0:59,5a4297ff-06ad-d18a-9d83-579921033041,678037012998
https://pub-bbd4b49a88d042e4a910874e7f1617b1.r2.dev/8326866084_3742206_07-14_11-41-34_Inbound_Ashley.mp4,3742206,Ashley,Shredding,2025-07-14 11:44:06,Retail,dropoff-call,Unsold,TEXT REFER,1:31,5a4297ff-06ad-d18a-9d83-579921033041,678037014465
https://pub-bbd4b49a88d042e4a910874e7f1617b1.r2.dev/2489914749_3742231_07-14_11-55-57_Outbound_Ashley.mp4,3742231,Ashley,Shredding,2025-07-14 11:57:40,Retail,dropoff-call,Unsold,DUPLICATE,3:59,5a4297ff-06ad-d18a-9d83-579921033041,678037024175
https://pub-bbd4b49a88d042e4a910874e7f1617b1.r2.dev/3143984013_3742234_07-14_11-56-04_Inbound_Ashley.mp4,3742234,Ashley,Shredding,2025-07-14 11:58:23,Local,local-call,Unsold,TEXT REFER,1:09,5a4297ff-06ad-d18a-9d83-579921033041,678037026913
https://pub-bbd4b49a88d042e4a910874e7f1617b1.r2.dev/4158277878_3742252_07-14_12-03-08_Inbound_Ashley.mp4,3742252,Ashley,Shredding,2025-07-14 12:05:00,Retail,dropoff-call,Unsold,TEXT REFER,1:18,5a4297ff-06ad-d18a-9d83-579921033041,678037032995
https://pub-bbd4b49a88d042e4a910874e7f1617b1.r2.dev/7155056611_3742446_07-14_13-15-35_Inbound_Ashley.mp4,3742446,Ashley,Medical Waste,2025-07-14 13:18:24,Vignette,dropoff-call,Unsold,TEXT REFER,1:45,5a4297ff-06ad-d18a-9d83-579921033041,678037094807
https://pub-bbd4b49a88d042e4a910874e7f1617b1.r2.dev/3215126413_3742488_07-14_13-28-04_Inbound_Ashley.mp4,3742488,Ashley,Medical Waste,2025-07-14 13:34:14,Retail,dropoff-call,Standard,,5:17,5a4297ff-06ad-d18a-9d83-579921033041,678037104187
https://pub-bbd4b49a88d042e4a910874e7f1617b1.r2.dev/3233326078_3742505_07-14_13-25-18_Inbound_Ashley.mp4,3742505,Ashley,Shredding,2025-07-14 13:44:10,Retail,dropoff-call,Unsold,INVALID,5:32,5a4297ff-06ad-d18a-9d83-579921033041,678037102062
https://pub-bbd4b49a88d042e4a910874e7f1617b1.r2.dev/8062122000_3742533_07-14_13-56-18_Inbound_Ashley.mp4,3742533,Ashley,Medical Waste,2025-07-14 13:59:15,Retail,dropoff-call,Unsold,REFERRED TO WEBSITE,2:13,5a4297ff-06ad-d18a-9d83-579921033041,678037125869
https://pub-bbd4b49a88d042e4a910874e7f1617b1.r2.dev/9175364505_3742580_07-14_14-20-14_Inbound_Ashley.mp4,3742580,Ashley,Records,2025-07-14 14:25:42,Vignette,dropoff-call,Standard Plus,,4:50,5a4297ff-06ad-d18a-9d83-579921033041,678037144905
https://pub-bbd4b49a88d042e4a910874e7f1617b1.r2.dev/7184406423_3743806_07-15_14-38-52_Inbound_Ashley.mp4,3743806,Ashley,Shredding,2025-07-15 14:40:46,Retail,dropoff-call,Unsold,INVALID,0:14,5a4297ff-06ad-d18a-9d83-579921033041,678037692154
https://pub-bbd4b49a88d042e4a910874e7f1617b1.r2.dev/7709124661_3744324_07-16_09-13-39_Inbound_Ashley.mp4,3744324,Ashley,Medical Waste,2025-07-16 09:22:21,Retail,dropoff-call,Basic,,7:56,5a4297ff-06ad-d18a-9d83-579921033041,678037956939
https://pub-bbd4b49a88d042e4a910874e7f1617b1.r2.dev/9713728353_3744330_07-16_09-21-40_Inbound_Ashley.mp4,3744330,Ashley,Shredding,2025-07-16 09:25:17,Retail,dropoff-call,Plus,,3:11,5a4297ff-06ad-d18a-9d83-579921033041,678037963262
https://pub-bbd4b49a88d042e4a910874e7f1617b1.r2.dev/7576410254_3744382_07-16_09-48-03_Inbound_Ashley.mp4,3744382,Ashley,Medical Waste,2025-07-16 09:50:39,Retail,dropoff-call,Unsold,TEXT REFER,1:08,5a4297ff-06ad-d18a-9d83-579921033041,678037985977
https://pub-bbd4b49a88d042e4a910874e7f1617b1.r2.dev/3108665185_3744508_07-16_10-56-37_Inbound_Ashley.mp4,3744508,Ashley,Shredding,2025-07-16 11:01:13,Local,local-call,Basic SMALL RESIDENTIAL,,,9f8476fe-9b18-cae0-28a2-6439b47e1239,678038041837
https://pub-bbd4b49a88d042e4a910874e7f1617b1.r2.dev/6184848582_3744596_07-16_11-45-06_Inbound_Ashley.mp4,3744596,Ashley,Medical Waste,2025-07-16 11:48:01,Paid,adwords,Unsold,DUPLICATE,2:29,5a4297ff-06ad-d18a-9d83-579921033041,678038082349
https://pub-bbd4b49a88d042e4a910874e7f1617b1.r2.dev/5188585177_3744635_07-16_12-05-28_Inbound_Ashley.mp4,3744635,Ashley,Records,2025-07-16 12:07:21,Paid,adwords,Prime3,,,5a4297ff-06ad-d18a-9d83-579921033041,678038099583
https://pub-bbd4b49a88d042e4a910874e7f1617b1.r2.dev/5165927428_3744914_07-16_14-10-44_Inbound_Ashley.mp4,3744914,Ashley,Shredding,2025-07-16 14:15:06,Retail,dropoff-call,Unsold,REFERRED TO WEBSITE,2:42,5a4297ff-06ad-d18a-9d83-579921033041,678038198869
https://pub-bbd4b49a88d042e4a910874e7f1617b1.r2.dev/5154514164_3744917_07-16_14-13-50_Inbound_Ashley.mp4,3744917,Ashley,Shredding,2025-07-16 14:16:08,Vignette,dropoff-call,Unsold,DUPLICATE,1:17,5a4297ff-06ad-d18a-9d83-579921033041,678038201407
https://pub-bbd4b49a88d042e4a910874e7f1617b1.r2.dev/2099120266_3744919_07-16_14-14-24_Inbound_Ashley.mp4,3744919,Ashley,Shredding,2025-07-16 14:17:00,Retail,dropoff-call,Unsold,INVALID,0:42,5a4297ff-06ad-d18a-9d83-579921033041,678038201805
https://pub-bbd4b49a88d042e4a910874e7f1617b1.r2.dev/6619527731_3744924_07-16_14-16-33_Inbound_Ashley.mp4,3744924,Ashley,Shredding,2025-07-16 14:19:10,Retail,dropoff-call,Unsold,INVALID,1:25,5a4297ff-06ad-d18a-9d83-579921033041,678038203971
https://pub-bbd4b49a88d042e4a910874e7f1617b1.r2.dev/9075137808_3745643_07-17_11-49-00_Inbound_Ashley.mp4,3744942,Ashley,Shredding,2025-07-16 14:28:53,Vignette-form,gmb,Standard,,2:12,5a4297ff-06ad-d18a-9d83-579921033041,
https://pub-bbd4b49a88d042e4a910874e7f1617b1.r2.dev/8013800334_3744948_07-16_14-20-29_Inbound_Ashley.mp4,3744948,Ashley,Records,2025-07-16 14:32:48,Paid,adwords,Unsold,REFERRED TO WEBSITE,6:21,5a4297ff-06ad-d18a-9d83-579921033041,678038206871
https://pub-bbd4b49a88d042e4a910874e7f1617b1.r2.dev/2069480189_3745011_07-16_14-58-09_Inbound_Ashley.mp4,3745011,Ashley,Shredding,2025-07-16 15:06:34,Vignette,dropoff-call,Standard,,6:56,5a4297ff-06ad-d18a-9d83-579921033041,678038234979
https://pub-bbd4b49a88d042e4a910874e7f1617b1.r2.dev/7703649021_3745012_07-16_15-03-08_Inbound_Ashley.mp4,3745012,Ashley,Shredding,2025-07-16 15:06:50,Paid,adwords,Standard,,2:34,5a4297ff-06ad-d18a-9d83-579921033041,678038238375
https://pub-bbd4b49a88d042e4a910874e7f1617b1.r2.dev/3033229981_3745068_07-16_15-43-45_Inbound_Ashley.mp4,3745068,Ashley,Shredding,2025-07-16 15:49:29,Retail,dropoff-call,Standard,,4:28,5a4297ff-06ad-d18a-9d83-579921033041,678038263673
https://pub-bbd4b49a88d042e4a910874e7f1617b1.r2.dev/5305667246_3745150_07-16_16-57-06_Inbound_Ashley.mp4,3745150,Ashley,Shredding,2025-07-16 17:02:54,Retail,dropoff-call,Plus1,,5:09,5a4297ff-06ad-d18a-9d83-579921033041,678038306071
https://pub-bbd4b49a88d042e4a910874e7f1617b1.r2.dev/6503461480_3750046_07-22_16-33-07_Inbound_Ashley.mp4,3745175,Ashley,Electronics Recycling,2025-07-16 17:42:53,Vignette,dropoff-call,Unsold,DUPLICATE,0:52,9b429026-85da-def7-2901-6848b727bcf5,678038326185
https://pub-bbd4b49a88d042e4a910874e7f1617b1.r2.dev/4795310455_3745360_07-17_08-50-34_Inbound_Ashley.mp4,3745360,Ashley,Shredding,2025-07-17 08:55:42,Paid,bing,Standard,,3:15,5a4297ff-06ad-d18a-9d83-579921033041,678038462138
https://pub-bbd4b49a88d042e4a910874e7f1617b1.r2.dev/7083830330_3745395_07-17_09-17-40_Inbound_Ashley.mp4,3745395,Ashley,Shredding,2025-07-17 09:21:23,Retail,dropoff-call,Standard,,3:22,5a4297ff-06ad-d18a-9d83-579921033041,678038482784
https://pub-bbd4b49a88d042e4a910874e7f1617b1.r2.dev/8474141481_3745404_07-17_09-23-31_Inbound_Ashley.mp4,3745404,Ashley,Shredding,2025-07-17 09:26:46,Retail,dropoff-call,Unsold,INVALID,1:25,5a4297ff-06ad-d18a-9d83-579921033041,678038487270
https://pub-bbd4b49a88d042e4a910874e7f1617b1.r2.dev/5174428042_3745448_07-17_09-54-42_Inbound_Ashley.mp4,3745448,Ashley,Medical Waste,2025-07-17 09:58:29,retail,dropoff-call,Prime,,2:48,5a4297ff-06ad-d18a-9d83-579921033041,678038511848
https://pub-bbd4b49a88d042e4a910874e7f1617b1.r2.dev/8084252186_3745567_07-17_10-53-39_Inbound_Ashley.mp4,3745567,Ashley,Shredding,2025-07-17 10:58:10,Retail,dropoff-call,Standard,,3:31,5a4297ff-06ad-d18a-9d83-579921033041,678378559878
https://pub-bbd4b49a88d042e4a910874e7f1617b1.r2.dev/7043603885_3745590_07-17_11-19-24_Outbound_Ashley.mp4,3745590,Ashley,Shredding,2025-07-17 11:20:43,Retail,dropoff-call,Standard,,3:56,5a4297ff-06ad-d18a-9d83-579921033041,678378577516
https://pub-bbd4b49a88d042e4a910874e7f1617b1.r2.dev/7144962969_3745731_07-17_12-25-55_Inbound_Ashley.mp4,3745731,Ashley,Records,2025-07-17 12:34:00,Organic,organic-call,Unsold,DUPLICATE,6:24,5a4297ff-06ad-d18a-9d83-579921033041,678378635248
https://pub-bbd4b49a88d042e4a910874e7f1617b1.r2.dev/2037152165_3745819_07-17_13-23-35_Inbound_Ashley.mp4,3745819,Ashley,Records,2025-07-17 13:27:14,Local,local-call,Standard Plus,,,5a4297ff-06ad-d18a-9d83-579921033041,678378680869
https://pub-bbd4b49a88d042e4a910874e7f1617b1.r2.dev/4063214099_3745835_07-17_13-26-19_Inbound_Ashley.mp4,3745835,Ashley,Medical Waste,2025-07-17 13:34:02,Organic,organic-call,Plus,,2:30,5a4297ff-06ad-d18a-9d83-579921033041,678378682928
https://pub-bbd4b49a88d042e4a910874e7f1617b1.r2.dev/4147500132_3746106_07-17_16-10-17_Inbound_Ashley.mp4,3746106,Ashley,Shredding,2025-07-17 16:17:45,Retail,dropoff-call,Standard,,6:29,5a4297ff-06ad-d18a-9d83-579921033041,678378797188
https://pub-bbd4b49a88d042e4a910874e7f1617b1.r2.dev/6516006508_3746113_07-17_16-19-40_Inbound_Ashley.mp4,3746113,Ashley,Medical Waste,2025-07-17 16:24:18,Vignette,dropoff-call,Unsold,TEXT REFER,3:59,5a4297ff-06ad-d18a-9d83-579921033041,678378802014
https://pub-bbd4b49a88d042e4a910874e7f1617b1.r2.dev/7022047022_3750006_07-22_15-55-46_Inbound_Ashley.mp4,3747475,Ashley,Shredding,2025-07-19 17:09:09,Vignette-form,www.shrednations.com,Unsold,DUPLICATE,0:26,1e35e3dc-21cb-924c-106d-634eceab12d3,
https://pub-bbd4b49a88d042e4a910874e7f1617b1.r2.dev/9728974066_3747942_07-21_09-03-15_Inbound_Ashley.mp4,3747942,Ashley,Shredding,2025-07-21 09:09:13,Retail,dropoff-call,Standard,,5:14,5a4297ff-06ad-d18a-9d83-579921033041,678379898167
https://pub-bbd4b49a88d042e4a910874e7f1617b1.r2.dev/9046097698_3747978_07-21_09-25-54_Inbound_Ashley.mp4,3747978,Ashley,Medical Waste,2025-07-21 09:28:58,Paid,adwords,Plus,,2:37,5a4297ff-06ad-d18a-9d83-579921033041,678379916645
https://pub-bbd4b49a88d042e4a910874e7f1617b1.r2.dev/6105201128_3748057_07-21_09-58-06_Inbound_Ashley.mp4,3748057,Ashley,Medical Waste,2025-07-21 10:04:16,Vignette,dropoff-call,Basic,,5:30,5a4297ff-06ad-d18a-9d83-579921033041,678379943718
https://pub-bbd4b49a88d042e4a910874e7f1617b1.r2.dev/4436905355_3748094_07-21_10-13-55_Inbound_Ashley.mp4,3748094,Ashley,Shredding,2025-07-21 10:20:02,Retail,dropoff-call,Plus,,4:37,5a4297ff-06ad-d18a-9d83-579921033041,678379958190
https://pub-bbd4b49a88d042e4a910874e7f1617b1.r2.dev/9542586274_3748227_07-21_11-14-43_Inbound_Ashley.mp4,3748227,Ashley,Medical Waste,2025-07-21 11:17:24,Retail,dropoff-call,Unsold,TEXT REFER,2:13,5a4297ff-06ad-d18a-9d83-579921033041,678380009915
https://pub-bbd4b49a88d042e4a910874e7f1617b1.r2.dev/3473614390_3748301_07-21_11-44-48_Inbound_Ashley.mp4,3748301,Ashley,Shredding,2025-07-21 11:51:32,Retail,dropoff-call,Plus,,4:38,5a4297ff-06ad-d18a-9d83-579921033041,678380033347
https://pub-bbd4b49a88d042e4a910874e7f1617b1.r2.dev/2095872251_3748337_07-21_12-02-50_Inbound_Ashley.mp4,3748337,Ashley,Shredding,2025-07-21 12:06:43,Retail,dropoff-call,Standard,,3:09,5a4297ff-06ad-d18a-9d83-579921033041,678380047927
https://pub-bbd4b49a88d042e4a910874e7f1617b1.r2.dev/7022047022_3750006_07-22_15-55-46_Inbound_Ashley.mp4,3748505,Ashley,Shredding,2025-07-21 13:13:37,Organic,organic-call,Unsold,INVALID,1:06,9f8476fe-9b18-cae0-28a2-6439b47e1239,678380104568
https://pub-bbd4b49a88d042e4a910874e7f1617b1.r2.dev/3105564811_3748511_07-21_13-07-41_Inbound_Ashley.mp4,3748511,Ashley,Shredding,2025-07-21 13:16:43,Vignette,dropoff-call,Standard,,7:33,5a4297ff-06ad-d18a-9d83-579921033041,678380101044
https://pub-bbd4b49a88d042e4a910874e7f1617b1.r2.dev/5089621570_3748548_07-21_13-30-33_Inbound_Ashley.mp4,3748548,Ashley,Records,2025-07-21 13:31:56,Retail,dropoff-call,Unsold,INVALID,1:01,5a4297ff-06ad-d18a-9d83-579921033041,678380119209
https://pub-bbd4b49a88d042e4a910874e7f1617b1.r2.dev/5036690460_3748582_07-21_13-45-18_Outbound_Ashley.mp4,3748582,Ashley,Shredding,2025-07-21 13:46:30,Local,local-call,Standard,,5:32,5a4297ff-06ad-d18a-9d83-579921033041,678380126826
https://pub-bbd4b49a88d042e4a910874e7f1617b1.r2.dev/7577847339_3748604_07-21_13-57-00_Inbound_Ashley.mp4,3748604,Ashley,Shredding,2025-07-21 13:59:38,Organic,organic-call,Plus1,,1:41,5a4297ff-06ad-d18a-9d83-579921033041,678380139797
https://pub-bbd4b49a88d042e4a910874e7f1617b1.r2.dev/8508327026_3748643_07-21_14-10-02_Inbound_Ashley.mp4,3748643,Ashley,Shredding,2025-07-21 14:15:06,Retail,dropoff-call,Plus,,3:56,5a4297ff-06ad-d18a-9d83-579921033041,678380149800
https://pub-bbd4b49a88d042e4a910874e7f1617b1.r2.dev/5152293902_3749208_07-22_09-28-04_Inbound_Ashley.mp4,3748671,Ashley,Shredding,2025-07-21 14:28:12,Retail,dropoff-call,Unsold,REFERRED TO WEBSITE,1:25,400f4fec-99bd-f232-20d3-6581e346e0dd,678380162577
https://pub-bbd4b49a88d042e4a910874e7f1617b1.r2.dev/7073738348_3748713_07-21_14-44-51_Inbound_Ashley.mp4,3748713,Ashley,Medical Waste,2025-07-21 14:47:47,Vignette,dropoff-call,Unsold,TEXT REFER,2:16,5a4297ff-06ad-d18a-9d83-579921033041,678380177028
https://pub-bbd4b49a88d042e4a910874e7f1617b1.r2.dev/6618201372_3748718_07-21_14-50-25_Inbound_Ashley.mp4,3748718,Ashley,Medical Waste,2025-07-21 14:53:55,Paid,adwords,Plus,,2:53,5a4297ff-06ad-d18a-9d83-579921033041,678380181118
https://pub-bbd4b49a88d042e4a910874e7f1617b1.r2.dev/4803865698_3752438_07-24_16-08-53_Inbound_Ashley.mp4,3748941,Ashley,Medical Waste,2025-07-21 17:57:31,Vignette,dropoff-call,Unsold,INVALID,0:14,9b429026-85da-def7-2901-6848b727bcf5,678380284241
https://pub-bbd4b49a88d042e4a910874e7f1617b1.r2.dev/4803865698_3757253_07-30_16-09-12_Inbound_Briscia.mp4,3748941,Briscia,Medical Waste,2025-07-21 17:57:31,Vignette,dropoff-call,Unsold,INVALID,0:14,9b429026-85da-def7-2901-6848b727bcf5,678380284241
https://pub-bbd4b49a88d042e4a910874e7f1617b1.r2.dev/4303515532_3749185_07-22_09-14-21_Inbound_Ashley.mp4,3749155,Ashley,Shredding,2025-07-22 09:03:25,Vignette-form,gmb,Basic RECURRING,,,47bc2ff3-a082-84db-f43d-5c181af239da,
https://pub-bbd4b49a88d042e4a910874e7f1617b1.r2.dev/4076687945_3749286_07-22_10-09-59_Inbound_Ashley.mp4,3749244,Ashley,Shredding,2025-07-22 09:54:48,Retail,dropoff-call,Unsold,INVALID,1:26,400f4fec-99bd-f232-20d3-6581e346e0dd,678380456624
https://pub-bbd4b49a88d042e4a910874e7f1617b1.r2.dev/3125666569_3749266_07-22_10-00-22_Inbound_Ashley.mp4,3749266,Ashley,Medical Waste,2025-07-22 10:02:15,Retail,dropoff-call,Unsold,INVALID,0:59,5a4297ff-06ad-d18a-9d83-579921033041,678380462811
https://pub-bbd4b49a88d042e4a910874e7f1617b1.r2.dev/8166685548_3749345_07-22_10-34-31_Inbound_Ashley.mp4,3749345,Ashley,Shredding,2025-07-22 10:39:28,Vignette,dropoff-call,Plus,,3:53,5a4297ff-06ad-d18a-9d83-579921033041,678380493206
https://pub-bbd4b49a88d042e4a910874e7f1617b1.r2.dev/2193084774_3749369_07-22_10-48-59_Inbound_Ashley.mp4,3749369,Ashley,Shredding,2025-07-22 10:51:10,Retail,dropoff-call,Standard,,1:28,5a4297ff-06ad-d18a-9d83-579921033041,678380504629
https://pub-bbd4b49a88d042e4a910874e7f1617b1.r2.dev/8432131156_3749534_07-22_12-08-57_Inbound_Ashley.mp4,3749435,Ashley,Shredding,2025-07-22 11:19:14,Paid-form,bing,Unsold,QUOTED,6:21,56ded408-9519-274e-3636-4ff1bccb81e8,
https://pub-bbd4b49a88d042e4a910874e7f1617b1.r2.dev/4805841443_3749459_07-22_11-31-19_Inbound_Ashley.mp4,3749459,Ashley,Medical Waste,2025-07-22 11:33:02,Vignette,dropoff-call,Unsold,TEXT REFER,1:06,5a4297ff-06ad-d18a-9d83-579921033041,678380538622
https://pub-bbd4b49a88d042e4a910874e7f1617b1.r2.dev/6475731469_3749769_07-22_13-42-53_Inbound_Ashley.mp4,3749769,Ashley,Shredding,2025-07-22 13:50:25,Retail,dropoff-call,Standard,,6:36,5a4297ff-06ad-d18a-9d83-579921033041,678725645087
https://pub-bbd4b49a88d042e4a910874e7f1617b1.r2.dev/3472629654_3749854_07-22_13-57-26_Inbound_Ashley.mp4,3749830,Ashley,Shredding,2025-07-22 14:24:27,Retail,dropoff-call,Unsold,INVALID,3:56,9f8476fe-9b18-cae0-28a2-6439b47e1239,678725654058
https://pub-bbd4b49a88d042e4a910874e7f1617b1.r2.dev/3059372452_3749866_07-22_14-37-00_Inbound_Ashley.mp4,3749866,Ashley,Records,2025-07-22 14:42:43,Local,local-call,Large Format SMALL,,4:41,5a4297ff-06ad-d18a-9d83-579921033041,678725684750
https://pub-bbd4b49a88d042e4a910874e7f1617b1.r2.dev/2015665224_3749938_07-22_15-13-18_Inbound_Ashley.mp4,3749928,Ashley,Shredding,2025-07-22 15:11:51,Vignette,dropoff-call,Unsold,DIRECT CONNECT,1:14,2cc7dea7-292d-6e5a-8bcc-61732b900c9f,678725708292
https://pub-bbd4b49a88d042e4a910874e7f1617b1.r2.dev/6184104075_3749999_07-22_15-49-51_Inbound_Ashley.mp4,3749999,Ashley,Medical Waste,2025-07-22 15:53:49,Retail,dropoff-call,Unsold,REFERRED TO SHARPS MAIL BACK,2:35,5a4297ff-06ad-d18a-9d83-579921033041,678725734013
https://pub-bbd4b49a88d042e4a910874e7f1617b1.r2.dev/3852370020_3750016_07-22_16-02-51_Inbound_Ashley.mp4,3750016,Ashley,Medical Waste,2025-07-22 16:06:18,Vignette,dropoff-call,Unsold,TEXT REFER,1:09,5a4297ff-06ad-d18a-9d83-579921033041,678725741735
https://pub-bbd4b49a88d042e4a910874e7f1617b1.r2.dev/9096598812_3750071_07-22_16-49-30_Inbound_Ashley.mp4,3750071,Ashley,Medical Waste,2025-07-22 16:51:41,Retail,dropoff-call,Unsold,TEXT REFER,1:24,5a4297ff-06ad-d18a-9d83-579921033041,678725766561
https://pub-bbd4b49a88d042e4a910874e7f1617b1.r2.dev/9542634972_3750533_07-23_09-07-17_Inbound_Ashley.mp4,3750533,Ashley,Records,2025-07-23 09:09:19,Retail,dropoff-call,Unsold,TEXT REFER,1:05,5a4297ff-06ad-d18a-9d83-579921033041,678725936246
https://pub-bbd4b49a88d042e4a910874e7f1617b1.r2.dev/7048467275_3750559_07-23_09-22-19_Inbound_Ashley.mp4,3750559,Ashley,Records,2025-07-23 09:25:55,Local,local-call,Unsold,REFERRED TO WEBSITE,2:46,5a4297ff-06ad-d18a-9d83-579921033041,678725947234
https://pub-bbd4b49a88d042e4a910874e7f1617b1.r2.dev/6515920289_3750580_07-23_09-33-01_Inbound_Ashley.mp4,3750580,Ashley,Records,2025-07-23 09:36:01,Local,local-call,Unsold,TEXT REFER,1:52,5a4297ff-06ad-d18a-9d83-579921033041,678725954918
https://pub-bbd4b49a88d042e4a910874e7f1617b1.r2.dev/7192101211_3750768_07-23_11-01-04_Inbound_Ashley.mp4,3750621,Ashley,Shredding,2025-07-23 10:00:15,Retail,dropoff-call,Unsold,INVALID,11:14,9f8476fe-9b18-cae0-28a2-6439b47e1239,678725964796
https://pub-bbd4b49a88d042e4a910874e7f1617b1.r2.dev/9172385560_3750740_07-23_10-47-27_Inbound_Ashley.mp4,3750651,Ashley,Shredding,2025-07-23 10:15:59,Vignette,dropoff-call,Unsold,INVALID,0:10,2cc7dea7-292d-6e5a-8bcc-61732b900c9f,678725989336
https://pub-bbd4b49a88d042e4a910874e7f1617b1.r2.dev/3015306500_3750665_07-23_10-17-37_Inbound_Ashley.mp4,3750665,Ashley,Shredding,2025-07-23 10:22:52,Retail,dropoff-call,Plus,,4:07,5a4297ff-06ad-d18a-9d83-579921033041,678725991243
https://pub-bbd4b49a88d042e4a910874e7f1617b1.r2.dev/2197761559_3750683_07-23_10-29-50_Inbound_Ashley.mp4,3750683,Ashley,Shredding,2025-07-23 10:33:22,Retail,dropoff-call,Plus1,,2:46,5a4297ff-06ad-d18a-9d83-579921033041,678726000734
https://pub-bbd4b49a88d042e4a910874e7f1617b1.r2.dev/3055324903_3751612_07-24_08-13-47_Inbound_Ashley.mp4,3750695,Ashley,Shredding,2025-07-23 10:36:36,Local,local-call,Unsold,DUPLICATE,2:19,2cc7dea7-292d-6e5a-8bcc-61732b900c9f,678726003516
https://pub-bbd4b49a88d042e4a910874e7f1617b1.r2.dev/9494003535_3750830_07-23_11-26-00_Inbound_Ashley.mp4,3750817,Ashley,Shredding,2025-07-23 11:22:45,Paid-form,bing,Standard,,,56ded408-9519-274e-3636-4ff1bccb81e8,
https://pub-bbd4b49a88d042e4a910874e7f1617b1.r2.dev/9139636856_3750861_07-23_11-40-03_Inbound_Ashley.mp4,3750861,Ashley,Shredding,2025-07-23 11:44:21,Vignette,dropoff-call,Standard,,3:24,5a4297ff-06ad-d18a-9d83-579921033041,678726057077
https://pub-bbd4b49a88d042e4a910874e7f1617b1.r2.dev/7723379559_3750935_07-23_11-56-27_Inbound_Ashley.mp4,3750912,Ashley,Shredding,2025-07-23 12:08:29,Retail,dropoff-call,Plus,,11:11,5a4297ff-06ad-d18a-9d83-579921033041,678726070322
https://pub-bbd4b49a88d042e4a910874e7f1617b1.r2.dev/2063101891_3750949_07-23_12-18-05_Inbound_Ashley.mp4,3750949,Ashley,Shredding,2025-07-23 12:22:23,Retail,dropoff-call,Standard,,2:45,5a4297ff-06ad-d18a-9d83-579921033041,678726088508
https://pub-bbd4b49a88d042e4a910874e7f1617b1.r2.dev/8126290640_3751139_07-23_13-46-35_Inbound_Ashley.mp4,3751139,Ashley,Shredding,2025-07-23 13:57:58,Vignette,dropoff-call,Unsold,DUPLICATE,8:22,5a4297ff-06ad-d18a-9d83-579921033041,678726161249
https://pub-bbd4b49a88d042e4a910874e7f1617b1.r2.dev/4693242734_3751140_07-23_13-55-43_Inbound_Ashley.mp4,3751140,Ashley,Shredding,2025-07-23 13:58:07,Vignette,dropoff-call,Unsold,INVALID,0:46,5a4297ff-06ad-d18a-9d83-579921033041,678726169238
https://pub-bbd4b49a88d042e4a910874e7f1617b1.r2.dev/8042663477_3751158_07-23_14-11-43_Outbound_Ashley.mp4,3751158,Ashley,Shredding,2025-07-23 14:14:43,Retail,dropoff-call,Unsold,DIRECT CONNECT,4:19,5a4297ff-06ad-d18a-9d83-579921033041,678726179454
https://pub-bbd4b49a88d042e4a910874e7f1617b1.r2.dev/5034079889_3751178_07-23_14-26-27_Inbound_Ashley.mp4,3751178,Ashley,Shredding,2025-07-23 14:28:56,Retail,dropoff-call,Unsold,TEXT REFER,1:52,5a4297ff-06ad-d18a-9d83-579921033041,678726192293
https://pub-bbd4b49a88d042e4a910874e7f1617b1.r2.dev/6159204466_3752465_07-24_16-57-25_Inbound_Ashley.mp4,3751203,Ashley,Shredding,2025-07-23 14:49:17,Retail,dropoff-call,Unsold,QUOTED,1:47,47bc2ff3-a082-84db-f43d-5c181af239da,678726205761
https://pub-bbd4b49a88d042e4a910874e7f1617b1.r2.dev/8015801191_3751234_07-23_14-58-47_Inbound_Ashley.mp4,3751214,Ashley,Shredding,2025-07-23 14:51:40,Retail-form,bpb,Unsold,QUOTED,1:07,5a4297ff-06ad-d18a-9d83-579921033041,
https://pub-bbd4b49a88d042e4a910874e7f1617b1.r2.dev/9548221330_3751215_07-23_14-43-29_Inbound_Ashley.mp4,3751215,Ashley,Shredding,2025-07-23 14:51:43,Local,local-call,Plus,,7:27,5a4297ff-06ad-d18a-9d83-579921033041,678726205015
https://pub-bbd4b49a88d042e4a910874e7f1617b1.r2.dev/5093797440_3751221_07-23_14-52-15_Inbound_Ashley.mp4,3751221,Ashley,Shredding,2025-07-23 14:55:36,Vignette,dropoff-call,Plus,,2:48,5a4297ff-06ad-d18a-9d83-579921033041,678726211460
https://pub-bbd4b49a88d042e4a910874e7f1617b1.r2.dev/8048591184_3751224_07-23_14-55-19_Inbound_Ashley.mp4,3751224,Ashley,Shredding,2025-07-23 14:56:06,Local,local-call,Unsold,INVALID,0:20,5a4297ff-06ad-d18a-9d83-579921033041,678726214012
https://pub-bbd4b49a88d042e4a910874e7f1617b1.r2.dev/7738822889_3751233_07-23_15-01-51_Inbound_Ashley.mp4,3751233,Ashley,Medical Waste,2025-07-23 15:03:11,Retail,dropoff-call,Unsold,TEXT REFER,0:59,5a4297ff-06ad-d18a-9d83-579921033041,678726218436
https://pub-bbd4b49a88d042e4a910874e7f1617b1.r2.dev/5059104512_3751271_07-23_15-18-55_Inbound_Ashley.mp4,3751271,Ashley,Records,2025-07-23 15:20:08,Retail,dropoff-call,Unsold,INVALID,0:24,5a4297ff-06ad-d18a-9d83-579921033041,678726229392
https://pub-bbd4b49a88d042e4a910874e7f1617b1.r2.dev/7063258789_3751361_07-23_16-01-30_Inbound_Ashley.mp4,3751361,Ashley,Shredding,2025-07-23 16:05:15,Retail,dropoff-call,Unsold,INVALID,2:40,5a4297ff-06ad-d18a-9d83-579921033041,678726255327
https://pub-bbd4b49a88d042e4a910874e7f1617b1.r2.dev/3059869431_3751364_07-23_16-06-27_Inbound_Ashley.mp4,3751364,Ashley,Shredding,2025-07-23 16:07:55,Retail,dropoff-call,Unsold,INVALID,0:24,5a4297ff-06ad-d18a-9d83-579921033041,678726258125
https://pub-bbd4b49a88d042e4a910874e7f1617b1.r2.dev/3473858688_3751365_07-23_16-08-31_Inbound_Ashley.mp4,3751365,Ashley,Shredding,2025-07-23 16:10:36,Local,local-call,Unsold,TEXT REFER,1:16,5a4297ff-06ad-d18a-9d83-579921033041,678726259277
https://pub-bbd4b49a88d042e4a910874e7f1617b1.r2.dev/6026207253_3751371_07-23_16-18-16_Inbound_Ashley.mp4,3751369,Ashley,Shredding,2025-07-23 16:21:22,Retail,dropoff-call,Unsold,TEXT REFER,1:11,5a4297ff-06ad-d18a-9d83-579921033041,678726264443
https://pub-bbd4b49a88d042e4a910874e7f1617b1.r2.dev/6467651806_3751372_07-23_16-13-58_Inbound_Ashley.mp4,3751372,Ashley,Shredding,2025-07-23 16:22:20,Retail,dropoff-call,Unsold,INVALID,7:17,5a4297ff-06ad-d18a-9d83-579921033041,678726262108
https://pub-bbd4b49a88d042e4a910874e7f1617b1.r2.dev/2016748034_3751382_07-23_16-25-53_Inbound_Ashley.mp4,3751382,Ashley,Shredding,2025-07-23 16:30:09,Retail,dropoff-call,Unsold,DUPLICATE,2:24,5a4297ff-06ad-d18a-9d83-579921033041,678726268735
https://pub-bbd4b49a88d042e4a910874e7f1617b1.r2.dev/3089913090_3751385_07-23_16-30-45_Inbound_Ashley.mp4,3751385,Ashley,Shredding,2025-07-23 16:34:33,Retail,dropoff-call,Unsold,TEXT REFER,1:28,5a4297ff-06ad-d18a-9d83-579921033041,678726271258
https://pub-bbd4b49a88d042e4a910874e7f1617b1.r2.dev/2013600782_3751391_07-23_16-37-48_Inbound_Ashley.mp4,3751391,Ashley,Medical Waste,2025-07-23 16:44:13,Vignette,dropoff-call,Unsold,REFERRED TO WEBSITE,4:09,5a4297ff-06ad-d18a-9d83-579921033041,678726274950
https://pub-bbd4b49a88d042e4a910874e7f1617b1.r2.dev/9107361383_3751392_07-23_16-42-05_Inbound_Ashley.mp4,3751392,Ashley,Shredding,2025-07-23 16:44:21,Vignette,dropoff-call,Unsold,INVALID,0:26,5a4297ff-06ad-d18a-9d83-579921033041,678726277310
https://pub-bbd4b49a88d042e4a910874e7f1617b1.r2.dev/7208239695_3751395_07-23_16-49-30_Outbound_Ashley.mp4,3751395,Ashley,Shredding,2025-07-23 16:49:46,Organic,organic-call,Unsold,DUPLICATE,1:47,5a4297ff-06ad-d18a-9d83-579921033041,678726279778
https://pub-bbd4b49a88d042e4a910874e7f1617b1.r2.dev/5143125555_3751608_07-24_08-14-01_Outbound_Ashley.mp4,3751608,Ashley,Shredding,2025-07-24 08:14:14,Retail,dropoff-call,Unsold,DIRECT CONNECT,0:57,5a4297ff-06ad-d18a-9d83-579921033041,678726423733
https://pub-bbd4b49a88d042e4a910874e7f1617b1.r2.dev/3055324903_3751612_07-24_08-13-47_Inbound_Ashley.mp4,3751612,Ashley,Shredding,2025-07-24 08:16:38,Local,local-call,Unsold,DUPLICATE,2:21,5a4297ff-06ad-d18a-9d83-579921033041,678726424410
https://pub-bbd4b49a88d042e4a910874e7f1617b1.r2.dev/6125541842_3751621_07-24_08-20-28_Inbound_Ashley.mp4,3751621,Ashley,Shredding,2025-07-24 08:24:02,Retail,dropoff-call,Unsold,REFERRED TO WEBSITE,2:47,5a4297ff-06ad-d18a-9d83-579921033041,678726428458
https://pub-bbd4b49a88d042e4a910874e7f1617b1.r2.dev/6015507131_3751641_07-24_08-32-32_Inbound_Ashley.mp4,3751641,Ashley,Records,2025-07-24 08:42:56,Retail,dropoff-call,Unsold,INVALID,9:06,5a4297ff-06ad-d18a-9d83-579921033041,678726435898
https://pub-bbd4b49a88d042e4a910874e7f1617b1.r2.dev/2487857519_3751648_07-24_08-46-29_Inbound_Ashley.mp4,3751648,Ashley,Medical Waste,2025-07-24 08:48:11,Vignette,dropoff-call,Unsold,TEXT REFER,1:07,5a4297ff-06ad-d18a-9d83-579921033041,678726444766
https://pub-bbd4b49a88d042e4a910874e7f1617b1.r2.dev/9169950027_3751656_07-24_08-49-02_Inbound_Ashley.mp4,3751656,Ashley,Shredding,2025-07-24 08:51:13,Retail,dropoff-call,Unsold,TEXT REFER,1:22,5a4297ff-06ad-d18a-9d83-579921033041,678726446449
https://pub-bbd4b49a88d042e4a910874e7f1617b1.r2.dev/6165304650_3751661_07-24_08-53-16_Outbound_Ashley.mp4,3751661,Ashley,Shredding,2025-07-24 08:53:23,Vignette,dropoff-call,Unsold,DIRECT CONNECT,1:15,5a4297ff-06ad-d18a-9d83-579921033041,678726448029
https://pub-bbd4b49a88d042e4a910874e7f1617b1.r2.dev/5635884290_3751667_07-24_08-56-43_Inbound_Ashley.mp4,3751667,Ashley,Shredding,2025-07-24 08:58:06,Retail,dropoff-call,Unsold,REFERRED TO WEBSITE,0:58,5a4297ff-06ad-d18a-9d83-579921033041,678726451649
https://pub-bbd4b49a88d042e4a910874e7f1617b1.r2.dev/8176147286_3751693_07-24_09-09-38_Inbound_Ashley.mp4,3751693,Ashley,Shredding,2025-07-24 09:12:02,Retail,dropoff-call,Unsold,TEXT REFER,1:24,5a4297ff-06ad-d18a-9d83-579921033041,678726461260
https://pub-bbd4b49a88d042e4a910874e7f1617b1.r2.dev/6614839901_3751729_07-24_09-27-13_Inbound_Ashley.mp4,3751729,Ashley,Shredding,2025-07-24 09:31:29,Vignette,dropoff-call,Unsold,QUOTED,3:03,5a4297ff-06ad-d18a-9d83-579921033041,678726474651
https://pub-bbd4b49a88d042e4a910874e7f1617b1.r2.dev/6362937379_3751753_07-24_09-35-14_Inbound_Ashley.mp4,3751753,Ashley,Shredding,2025-07-24 09:38:58,Vignette,dropoff-call,Standard,,1:55,5a4297ff-06ad-d18a-9d83-579921033041,678726480587
https://pub-bbd4b49a88d042e4a910874e7f1617b1.r2.dev/8046835366_3751772_07-24_09-44-12_Inbound_Ashley.mp4,3751772,Ashley,Shredding,2025-07-24 09:47:16,Retail,dropoff-call,Unsold,QUOTED,1:55,5a4297ff-06ad-d18a-9d83-579921033041,678726487358
https://pub-bbd4b49a88d042e4a910874e7f1617b1.r2.dev/9793249792_3751843_07-24_10-23-20_Inbound_Ashley.mp4,3751843,Ashley,Shredding,2025-07-24 10:26:18,Retail,dropoff-call,Unsold,QUOTED,2:04,5a4297ff-06ad-d18a-9d83-579921033041,678726517414
https://pub-bbd4b49a88d042e4a910874e7f1617b1.r2.dev/9857140148_3751848_07-24_10-26-12_Inbound_Ashley.mp4,3751848,Ashley,Shredding,2025-07-24 10:28:12,Retail,dropoff-call,Unsold,INVALID,1:26,5a4297ff-06ad-d18a-9d83-579921033041,678726519631
https://pub-bbd4b49a88d042e4a910874e7f1617b1.r2.dev/7186791184_3751858_07-24_10-30-12_Inbound_Ashley.mp4,3751858,Ashley,Shredding,2025-07-24 10:31:58,Retail,dropoff-call,Unsold,DUPLICATE,0:48,5a4297ff-06ad-d18a-9d83-579921033041,678726522738
https://pub-bbd4b49a88d042e4a910874e7f1617b1.r2.dev/3233847632_3751862_07-24_10-31-29_Inbound_Ashley.mp4,3751862,Ashley,Shredding,2025-07-24 10:33:38,Local,local-call,Unsold,TEXT REFER,1:09,5a4297ff-06ad-d18a-9d83-579921033041,678726523746
https://pub-bbd4b49a88d042e4a910874e7f1617b1.r2.dev/5088619947_3751892_07-24_10-40-39_Inbound_Ashley.mp4,3751892,Ashley,Shredding,2025-07-24 10:50:38,Organic,organic-call,Unsold,DUPLICATE,5:06,5a4297ff-06ad-d18a-9d83-579921033041,678726530982
https://pub-bbd4b49a88d042e4a910874e7f1617b1.r2.dev/2153012812_3751914_07-24_10-58-22_Inbound_Ashley.mp4,3751914,Ashley,Shredding,2025-07-24 11:03:54,Local,local-call,Standard,,4:45,5a4297ff-06ad-d18a-9d83-579921033041,678726544834
https://pub-bbd4b49a88d042e4a910874e7f1617b1.r2.dev/3107750738_3751915_07-24_11-03-23_Inbound_Ashley.mp4,3751915,Ashley,Shredding,2025-07-24 11:05:29,Vignette,dropoff-call,Unsold,INVALID,0:20,5a4297ff-06ad-d18a-9d83-579921033041,678726548846
https://pub-bbd4b49a88d042e4a910874e7f1617b1.r2.dev/5104350192_3751943_07-24_11-05-32_Inbound_Ashley.mp4,3751943,Ashley,Shredding,2025-07-24 11:16:40,Vignette,dropoff-call,Unsold,QUOTED,7:39,5a4297ff-06ad-d18a-9d83-579921033041,678726550526
https://pub-bbd4b49a88d042e4a910874e7f1617b1.r2.dev/2404234278_3751948_07-24_11-19-34_Inbound_Ashley.mp4,3751948,Ashley,Shredding,2025-07-24 11:21:39,Local,local-call,Unsold,TEXT REFER,1:16,5a4297ff-06ad-d18a-9d83-579921033041,678726561449
https://pub-bbd4b49a88d042e4a910874e7f1617b1.r2.dev/7245916191_3751971_07-24_11-32-58_Inbound_Ashley.mp4,3751971,Ashley,Medical Waste,2025-07-24 11:36:21,Vignette,dropoff-call,Unsold,TEXT REFER,1:25,5a4297ff-06ad-d18a-9d83-579921033041,678726571924
https://pub-bbd4b49a88d042e4a910874e7f1617b1.r2.dev/7605592558_3751989_07-24_11-39-42_Inbound_Ashley.mp4,3751989,Ashley,Shredding,2025-07-24 11:46:30,Retail,dropoff-call,Unsold,DUPLICATE,3:26,5a4297ff-06ad-d18a-9d83-579921033041,678726577064
https://pub-bbd4b49a88d042e4a910874e7f1617b1.r2.dev/5406366320_3751997_07-24_11-44-44_Inbound_Ashley.mp4,3751997,Ashley,Shredding,2025-07-24 11:49:40,Paid,bing,Standard,,2:46,5a4297ff-06ad-d18a-9d83-579921033041,678726581273
https://pub-bbd4b49a88d042e4a910874e7f1617b1.r2.dev/7039067430_3752036_07-24_12-06-35_Inbound_Ashley.mp4,3752036,Ashley,Medical Waste,2025-07-24 12:10:17,Organic,organic-call,Plus,,3:18,5a4297ff-06ad-d18a-9d83-579921033041,678726598889
https://pub-bbd4b49a88d042e4a910874e7f1617b1.r2.dev/6462847555_3752055_07-24_12-14-11_Inbound_Ashley.mp4,3752055,Ashley,Shredding,2025-07-24 12:19:53,Local,local-call,Unsold,QUOTED,4:54,5a4297ff-06ad-d18a-9d83-579921033041,678726604951
https://pub-bbd4b49a88d042e4a910874e7f1617b1.r2.dev/5616322121_3752072_07-24_12-21-57_Inbound_Ashley.mp4,3752072,Ashley,Shredding,2025-07-24 12:26:07,Vignette,dropoff-call,Standard,,3:36,5a4297ff-06ad-d18a-9d83-579921033041,678726611473
https://pub-bbd4b49a88d042e4a910874e7f1617b1.r2.dev/9295268340_3752146_07-24_13-11-58_Inbound_Ashley.mp4,3752146,Ashley,Records,2025-07-24 13:17:01,Organic,organic-call,Standard Plus,,4:15,5a4297ff-06ad-d18a-9d83-579921033041,678726651993
https://pub-bbd4b49a88d042e4a910874e7f1617b1.r2.dev/7693067814_3752220_07-24_13-49-21_Inbound_Ashley.mp4,3752220,Ashley,Shredding,2025-07-24 13:50:28,Retail,dropoff-call,Unsold,INVALID,0:44,5a4297ff-06ad-d18a-9d83-579921033041,678726679079
https://pub-bbd4b49a88d042e4a910874e7f1617b1.r2.dev/3854433500_3752221_07-24_13-38-39_Inbound_Ashley.mp4,3752221,Ashley,Records,2025-07-24 13:50:34,Organic,organic-call,Unsold,REFERRED TO WEBSITE,7:34,5a4297ff-06ad-d18a-9d83-579921033041,678726671137
https://pub-bbd4b49a88d042e4a910874e7f1617b1.r2.dev/6192445069_3752384_07-24_15-28-27_Inbound_Ashley.mp4,3752384,Ashley,Shredding,2025-07-24 15:31:27,Vignette,dropoff-call,Unsold,INVALID,1:26,5a4297ff-06ad-d18a-9d83-579921033041,678726752093
https://pub-bbd4b49a88d042e4a910874e7f1617b1.r2.dev/3038685984_3752400_07-24_15-41-09_Inbound_Ashley.mp4,3752400,Ashley,Medical Waste,2025-07-24 15:44:00,Vignette,dropoff-call,Unsold,TEXT REFER,1:02,5a4297ff-06ad-d18a-9d83-579921033041,678726760343
https://pub-bbd4b49a88d042e4a910874e7f1617b1.r2.dev/4803865698_3752438_07-24_16-08-53_Inbound_Ashley.mp4,3752438,Ashley,Medical Waste,2025-07-24 16:28:14,Vignette,dropoff-call,Unsold,INVALID,12:16,5a4297ff-06ad-d18a-9d83-579921033041,678726776780
https://pub-bbd4b49a88d042e4a910874e7f1617b1.r2.dev/4803865698_3757253_07-30_16-09-12_Inbound_Briscia.mp4,3752438,Briscia,Medical Waste,2025-07-24 16:28:14,Vignette,dropoff-call,Unsold,INVALID,12:16,5a4297ff-06ad-d18a-9d83-579921033041,678726776780
https://pub-bbd4b49a88d042e4a910874e7f1617b1.r2.dev/6614785891_3752445_07-24_16-36-49_Inbound_Ashley.mp4,3752445,Ashley,Shredding,2025-07-24 16:41:00,Retail,dropoff-call,Standard,,3:36,5a4297ff-06ad-d18a-9d83-579921033041,678726791604
https://pub-bbd4b49a88d042e4a910874e7f1617b1.r2.dev/6042532668_3752459_07-24_16-52-00_Inbound_Ashley.mp4,3752459,Ashley,Shredding,2025-07-24 16:55:16,Retail,dropoff-call,Unsold,INVALID,0:16,5a4297ff-06ad-d18a-9d83-579921033041,678726799494
https://pub-bbd4b49a88d042e4a910874e7f1617b1.r2.dev/2019823502_3754274_07-28_09-07-46_Inbound_Ashley.mp4,3754235,Ashley,Records,2025-07-28 08:51:36,Vignette-form,bpb,Unsold,REFERRED TO WEBSITE,1:19,5a4297ff-06ad-d18a-9d83-579921033041,
https://pub-bbd4b49a88d042e4a910874e7f1617b1.r2.dev/9367883022_3754270_07-28_09-03-03_Inbound_Ashley.mp4,3754270,Ashley,Medical Waste,2025-07-28 09:08:40,Vignette,dropoff-call,Unsold,TEXT REFER,3:33,5a4297ff-06ad-d18a-9d83-579921033041,679059967708
https://pub-bbd4b49a88d042e4a910874e7f1617b1.r2.dev/7607012109_3754310_07-28_09-25-42_Inbound_Ashley.mp4,3754310,Ashley,Shredding,2025-07-28 09:27:29,Retail,dropoff-call,Unsold,TEXT REFER,1:19,5a4297ff-06ad-d18a-9d83-579921033041,679059986132
https://pub-bbd4b49a88d042e4a910874e7f1617b1.r2.dev/7083085668_3754318_07-28_09-27-02_Inbound_Ashley.mp4,3754318,Ashley,Shredding,2025-07-28 09:31:56,Vignette,dropoff-call,Standard,,3:35,5a4297ff-06ad-d18a-9d83-579921033041,679059987148
https://pub-bbd4b49a88d042e4a910874e7f1617b1.r2.dev/3174434145_3754320_07-28_09-32-51_Inbound_Ashley.mp4,3754320,Ashley,Shredding,2025-07-28 09:35:20,Retail,dropoff-call,Unsold,QUOTED,1:30,5a4297ff-06ad-d18a-9d83-579921033041,679059992197
https://pub-bbd4b49a88d042e4a910874e7f1617b1.r2.dev/9167718551_3754329_07-28_09-37-53_Inbound_Ashley.mp4,3754329,Ashley,Shredding,2025-07-28 09:40:03,Retail,dropoff-call,Unsold,INVALID,1:27,5a4297ff-06ad-d18a-9d83-579921033041,679059996480
https://pub-bbd4b49a88d042e4a910874e7f1617b1.r2.dev/8025585798_3754337_07-28_09-34-48_Inbound_Ashley.mp4,3754337,Ashley,Shredding,2025-07-28 09:42:41,Retail,dropoff-call,Unsold,TEXT REFER,6:47,5a4297ff-06ad-d18a-9d83-579921033041,679059993833
https://pub-bbd4b49a88d042e4a910874e7f1617b1.r2.dev/5036690460_3754342_07-28_09-44-26_Outbound_Ashley.mp4,3754342,Ashley,Shredding,2025-07-28 09:44:28,Email,email,Unsold,DUPLICATE,1:00,5a4297ff-06ad-d18a-9d83-579921033041,679060000346
https://pub-bbd4b49a88d042e4a910874e7f1617b1.r2.dev/5054106754_3754367_07-28_09-52-32_Inbound_Ashley.mp4,3754367,Ashley,Shredding,2025-07-28 09:54:53,Paid,adwords,Unsold,QUOTED,1:34,5a4297ff-06ad-d18a-9d83-579921033041,679060009355
https://pub-bbd4b49a88d042e4a910874e7f1617b1.r2.dev/5199770404_3754388_07-28_10-03-51_Outbound_Ashley.mp4,3754388,Ashley,Shredding,2025-07-28 10:04:03,Retail,dropoff-call,Unsold,DIRECT CONNECT,1:18,5a4297ff-06ad-d18a-9d83-579921033041,679060016170
https://pub-bbd4b49a88d042e4a910874e7f1617b1.r2.dev/4196316499_3754399_07-28_10-09-25_Inbound_Ashley.mp4,3754399,Ashley,Shredding,2025-07-28 10:12:11,Retail,dropoff-call,Unsold,TEXT REFER,2:00,5a4297ff-06ad-d18a-9d83-579921033041,679060025317
https://pub-bbd4b49a88d042e4a910874e7f1617b1.r2.dev/2482498626_3754454_07-28_10-32-58_Inbound_Ashley.mp4,3754454,Ashley,Shredding,2025-07-28 10:34:35,Local,local-call,Unsold,TEXT REFER,1:02,5a4297ff-06ad-d18a-9d83-579921033041,679060047105
https://pub-bbd4b49a88d042e4a910874e7f1617b1.r2.dev/2022766722_3754457_07-28_10-33-17_Inbound_Ashley.mp4,3754457,Ashley,Shredding,2025-07-28 10:36:36,Retail,dropoff-call,Unsold,TEXT REFER,1:47,5a4297ff-06ad-d18a-9d83-579921033041,679060047395
https://pub-bbd4b49a88d042e4a910874e7f1617b1.r2.dev/7708279455_3754476_07-28_10-41-21_Inbound_Ashley.mp4,3754476,Ashley,Shredding,2025-07-28 10:43:48,Retail,dropoff-call,Unsold,TEXT REFER,1:08,5a4297ff-06ad-d18a-9d83-579921033041,679060054802
https://pub-bbd4b49a88d042e4a910874e7f1617b1.r2.dev/9183413860_3754504_07-28_10-53-07_Outbound_Ashley.mp4,3754504,Ashley,Shredding,2025-07-28 10:53:15,Retail,dropoff-call,Unsold,DIRECT CONNECT,1:06,5a4297ff-06ad-d18a-9d83-579921033041,679060060991
https://pub-bbd4b49a88d042e4a910874e7f1617b1.r2.dev/9197417385_3754523_07-28_10-56-58_Inbound_Ashley.mp4,3754519,Ashley,Shredding,2025-07-28 10:59:57,Local,local-call,Unsold,DIRECT CONNECT,1:07,5a4297ff-06ad-d18a-9d83-579921033041,679060067747
https://pub-bbd4b49a88d042e4a910874e7f1617b1.r2.dev/3179143722_3754552_07-28_11-15-01_Inbound_Ashley.mp4,3754552,Ashley,Shredding,2025-07-28 11:18:01,Retail,dropoff-call,Unsold,TEXT REFER,0:52,5a4297ff-06ad-d18a-9d83-579921033041,679060082972
https://pub-bbd4b49a88d042e4a910874e7f1617b1.r2.dev/9728004321_3754616_07-28_11-47-46_Inbound_Ashley.mp4,3754616,Ashley,Shredding,2025-07-28 11:52:29,Vignette,dropoff-call,Unsold,QUOTED,3:25,5a4297ff-06ad-d18a-9d83-579921033041,679060111335
https://pub-bbd4b49a88d042e4a910874e7f1617b1.r2.dev/3039469026_3754625_07-28_11-57-08_Inbound_Ashley.mp4,3754625,Ashley,Shredding,2025-07-28 11:59:46,Vignette,dropoff-call,Unsold,REFERRED TO WEBSITE,0:39,5a4297ff-06ad-d18a-9d83-579921033041,679060119463
https://pub-bbd4b49a88d042e4a910874e7f1617b1.r2.dev/4073678440_3754636_07-28_12-01-44_Inbound_Ashley.mp4,3754636,Ashley,Shredding,2025-07-28 12:03:48,Retail,dropoff-call,Unsold,TEXT REFER,0:55,5a4297ff-06ad-d18a-9d83-579921033041,679060123701
https://pub-bbd4b49a88d042e4a910874e7f1617b1.r2.dev/2147019080_3754670_07-28_12-13-23_Inbound_Ashley.mp4,3754670,Ashley,Shredding,2025-07-28 12:18:13,Retail,dropoff-call,Unsold,INVALID,1:26,5a4297ff-06ad-d18a-9d83-579921033041,679060134194
https://pub-bbd4b49a88d042e4a910874e7f1617b1.r2.dev/7036756261_3754677_07-28_12-16-02_Inbound_Ashley.mp4,3754677,Ashley,Shredding,2025-07-28 12:22:01,Retail,dropoff-call,Unsold,DIRECT CONNECT,2:54,5a4297ff-06ad-d18a-9d83-579921033041,679060136582
https://pub-bbd4b49a88d042e4a910874e7f1617b1.r2.dev/7605801057_3754683_07-28_12-22-24_Inbound_Ashley.mp4,3754683,Ashley,Shredding,2025-07-28 12:24:17,Vignette,dropoff-call,Unsold,TEXT REFER,1:06,5a4297ff-06ad-d18a-9d83-579921033041,679060142193
https://pub-bbd4b49a88d042e4a910874e7f1617b1.r2.dev/8584901690_3754690_07-28_12-28-36_Outbound_Ashley.mp4,3754690,Ashley,Shredding,2025-07-28 12:28:45,Retail,dropoff-call,Unsold,DIRECT CONNECT,1:12,5a4297ff-06ad-d18a-9d83-579921033041,679060144146
https://pub-bbd4b49a88d042e4a910874e7f1617b1.r2.dev/8457031749_3754785_07-28_13-10-53_Outbound_Ashley.mp4,3754785,Ashley,Shredding,2025-07-28 13:11:05,Retail,dropoff-call,Unsold,DIRECT CONNECT,1:18,5a4297ff-06ad-d18a-9d83-579921033041,679060181044
https://pub-bbd4b49a88d042e4a910874e7f1617b1.r2.dev/3109230305_3754792_07-28_13-10-36_Inbound_Ashley.mp4,3754792,Ashley,Shredding,2025-07-28 13:14:41,Retail,dropoff-call,Plus,,2:47,5a4297ff-06ad-d18a-9d83-579921033041,679060183884
https://pub-bbd4b49a88d042e4a910874e7f1617b1.r2.dev/7034756328_3754799_07-28_13-15-23_Inbound_Ashley.mp4,3754799,Ashley,Shredding,2025-07-28 13:20:39,Vignette,dropoff-call,Unsold,QUOTED,2:20,5a4297ff-06ad-d18a-9d83-579921033041,679060187888
https://pub-bbd4b49a88d042e4a910874e7f1617b1.r2.dev/3039041009_3754837_07-28_13-38-57_Outbound_Ashley.mp4,3754837,Ashley,Shredding,2025-07-28 13:40:46,Retail,dropoff-call,Unsold,DIRECT CONNECT,2:41,5a4297ff-06ad-d18a-9d83-579921033041,679060206303
https://pub-bbd4b49a88d042e4a910874e7f1617b1.r2.dev/6138525962_3754876_07-28_13-37-59_Inbound_Ashley.mp4,3754842,Ashley,Shredding,2025-07-28 13:42:17,Retail,dropoff-call,Unsold,REFERRED TO WEBSITE,1:39,5a4297ff-06ad-d18a-9d83-579921033041,679060206550
https://pub-bbd4b49a88d042e4a910874e7f1617b1.r2.dev/3608549701_3754917_07-28_14-16-40_Inbound_Ashley.mp4,3754917,Ashley,Shredding,2025-07-28 14:20:58,Retail,dropoff-call,Unsold,QUOTED,2:44,5a4297ff-06ad-d18a-9d83-579921033041,679060237538
https://pub-bbd4b49a88d042e4a910874e7f1617b1.r2.dev/6095587325_3754940_07-28_14-30-44_Inbound_Ashley.mp4,3754940,Ashley,Shredding,2025-07-28 14:30:29,Retail,dropoff-call,Unsold,INVALID,0:03,5a4297ff-06ad-d18a-9d83-579921033041,679060247787
https://pub-bbd4b49a88d042e4a910874e7f1617b1.r2.dev/6097373800_3754987_07-28_14-35-08_Outbound_Ashley.mp4,3754987,Ashley,Shredding,2025-07-28 14:50:19,Retail,dropoff-call,Unsold,DIRECT CONNECT,7:56,5a4297ff-06ad-d18a-9d83-579921033041,679060248688
https://pub-bbd4b49a88d042e4a910874e7f1617b1.r2.dev/9044188768_3755012_07-28_14-47-00_Inbound_Ashley.mp4,3755012,Ashley,Shredding,2025-07-28 15:07:13,Wizard,organic-call,Unsold,INVALID,8:48,5a4297ff-06ad-d18a-9d83-579921033041,679060261836
https://pub-bbd4b49a88d042e4a910874e7f1617b1.r2.dev/6019400811_3755056_07-28_15-31-16_Inbound_Ashley.mp4,3755056,Ashley,Shredding,2025-07-28 15:34:47,Organic,organic-call,Unsold,DUPLICATE,2:44,5a4297ff-06ad-d18a-9d83-579921033041,679060293782
https://pub-bbd4b49a88d042e4a910874e7f1617b1.r2.dev/4088485055_3755086_07-28_15-52-24_Inbound_Ashley.mp4,3755086,Ashley,Medical Waste,2025-07-28 15:58:22,Vignette,dropoff-call,Unsold,DUPLICATE,4:40,5a4297ff-06ad-d18a-9d83-579921033041,679060307461
https://pub-bbd4b49a88d042e4a910874e7f1617b1.r2.dev/4158237195_3755103_07-28_16-13-34_Inbound_Ashley.mp4,3755103,Ashley,Shredding,2025-07-28 16:12:04,Retail,dropoff-call,Unsold,DIRECT CONNECT,0:25,9b429026-85da-def7-2901-6848b727bcf5,679060318421
https://pub-bbd4b49a88d042e4a910874e7f1617b1.r2.dev/5305599898_3755113_07-28_15-57-14_Inbound_Ashley.mp4,3755113,Ashley,Shredding,2025-07-28 16:19:56,Retail,dropoff-call,Unsold,QUOTED,7:23,5a4297ff-06ad-d18a-9d83-579921033041,679060310438
https://pub-bbd4b49a88d042e4a910874e7f1617b1.r2.dev/4089961161_3755118_07-28_16-21-48_Outbound_Ashley.mp4,3755118,Ashley,Shredding,2025-07-28 16:24:56,Retail,dropoff-call,Unsold,DIRECT CONNECT,3:41,5a4297ff-06ad-d18a-9d83-579921033041,679060323099
https://pub-bbd4b49a88d042e4a910874e7f1617b1.r2.dev/7208239695_3755603_07-29_11-11-57_Outbound_Ashley.mp4,3755603,Ashley,Medical Waste,2025-07-29 11:12:04,Retail,dropoff-call,Basic,,1:14,5a4297ff-06ad-d18a-9d83-579921033041,679060615785
https://pub-bbd4b49a88d042e4a910874e7f1617b1.r2.dev/3524225272_3755882_07-29_13-23-06_Inbound_Ashley.mp4,3755882,Ashley,Records,2025-07-29 13:28:07,Retail,dropoff-call,Unsold,INVALID,2:42,5a4297ff-06ad-d18a-9d83-579921033041,679060726228
https://pub-bbd4b49a88d042e4a910874e7f1617b1.r2.dev/6085766416_3755912_07-29_13-45-31_Outbound_Ashley.mp4,3755912,Ashley,Records,2025-07-29 13:45:46,Retail,dropoff-call,Unsold,DIRECT CONNECT,1:43,5a4297ff-06ad-d18a-9d83-579921033041,679060741527
https://pub-bbd4b49a88d042e4a910874e7f1617b1.r2.dev/6306748846_3756022_07-29_14-44-44_Inbound_Ashley.mp4,3756022,Ashley,Medical Waste,2025-07-29 14:47:50,Vignette,dropoff-call,Unsold,INVALID,2:36,5a4297ff-06ad-d18a-9d83-579921033041,679060790766
https://pub-bbd4b49a88d042e4a910874e7f1617b1.r2.dev/9202577521_3756539_07-30_09-28-47_Inbound_Ashley.mp4,3756539,Ashley,Records,2025-07-30 09:31:21,Retail,dropoff-call,Unsold,TEXT REFER,1:26,5a4297ff-06ad-d18a-9d83-579921033041,679061073494
https://pub-bbd4b49a88d042e4a910874e7f1617b1.r2.dev/4147081141_3756740_07-30_10-59-29_Inbound_Ashley.mp4,3756740,Ashley,Medical Waste,2025-07-30 11:09:59,Retail,dropoff-call,Unsold,INVALID,9:45,5a4297ff-06ad-d18a-9d83-579921033041,679061146205
https://pub-bbd4b49a88d042e4a910874e7f1617b1.r2.dev/6102993880_3756874_07-30_12-14-19_Inbound_Ashley.mp4,3756874,Ashley,Medical Waste,2025-07-30 12:21:00,Vignette,dropoff-call,Basic,,3:31,5a4297ff-06ad-d18a-9d83-579921033041,679061207916
https://pub-bbd4b49a88d042e4a910874e7f1617b1.r2.dev/2405800403_3757122_07-30_14-25-16_Inbound_Ashley.mp4,3757122,Ashley,Records,2025-07-30 14:30:37,Organic,organic-call,Standard Plus,,4:03,5a4297ff-06ad-d18a-9d83-579921033041,679061314669
https://pub-bbd4b49a88d042e4a910874e7f1617b1.r2.dev/8473021358_3757199_07-30_15-19-31_Inbound_Ashley.mp4,3757199,Ashley,Medical Waste,2025-07-30 15:21:34,Vignette,dropoff-call,Unsold,TEXT REFER,1:11,5a4297ff-06ad-d18a-9d83-579921033041,679061355327
https://pub-bbd4b49a88d042e4a910874e7f1617b1.r2.dev/6175136055_3757242_07-30_15-57-37_Inbound_Ashley.mp4,3757242,Ashley,Medical Waste,2025-07-30 15:59:02,Retail,dropoff-call,Unsold,REFERRED TO SHARPS MAIL BACK,0:53,5a4297ff-06ad-d18a-9d83-579921033041,679061379480
https://pub-bbd4b49a88d042e4a910874e7f1617b1.r2.dev/6187077480_3757302_07-30_16-56-20_Inbound_Ashley.mp4,3757302,Ashley,Medical Waste,2025-07-30 16:57:48,Retail,dropoff-call,Unsold,INVALID,0:30,5a4297ff-06ad-d18a-9d83-579921033041,679061413290
https://pub-bbd4b49a88d042e4a910874e7f1617b1.r2.dev/9515197989_3757754_07-31_10-41-15_Inbound_Ashley.mp4,3757754,Ashley,Medical Waste,2025-07-31 10:45:32,Vignette,dropoff-call,Unsold,TEXT REFER,3:24,5a4297ff-06ad-d18a-9d83-579921033041,679395675439
https://pub-bbd4b49a88d042e4a910874e7f1617b1.r2.dev/7025826624_3758288_07-31_15-57-21_Inbound_Ashley.mp4,3757756,Ashley,Medical Waste,2025-07-31 10:45:48,Vignette-form,www.medicalwastepros.com,Unsold,REFERRED TO WEBSITE,0:39,5a4297ff-06ad-d18a-9d83-579921033041,
https://pub-bbd4b49a88d042e4a910874e7f1617b1.r2.dev/7602659124_3758034_07-31_13-09-46_Inbound_Ashley.mp4,3758034,Ashley,Medical Waste,2025-07-31 13:14:30,Vignette,dropoff-call,Unsold,INVALID,3:16,5a4297ff-06ad-d18a-9d83-579921033041,679395794046
https://pub-bbd4b49a88d042e4a910874e7f1617b1.r2.dev/7209758410_3758047_07-31_13-20-31_Outbound_Ashley.mp4,3758047,Ashley,Medical Waste,2025-07-31 13:21:10,Retail,dropoff-call,Basic,,1:54,5a4297ff-06ad-d18a-9d83-579921033041,679395800521